iter	Logloss
0	0.6188042467
1	0.5577005215
2	0.5068778742
3	0.4640145788
4	0.4271261846
